{"resourceType":"ImplementationGuide","id":"careconnect-messaging-stu3","text":{"status":"generated","div":"<div xmlns=\"http://www.w3.org/1999/xhtml\"><h2>Care Connect Messaging</h2><p>The official URL for this implementation guide is: </p><pre>https://kevinmayfield.github.io/careconnect-api-stu3/ImplementationGuide/careconnect-messaging-stu3</pre><div><p>Demonstration of Care Connect STU3 Implementation Guide to support Messaging</p>\n</div></div>"},"url":"https://kevinmayfield.github.io/careconnect-api-stu3/ImplementationGuide/careconnect-messaging-stu3","version":"3.0.0","name":"Care Connect Messaging","status":"draft","experimental":false,"date":"2020-03-10T11:29:01+00:00","publisher":"mayfield-is.co.uk","contact":[{"telecom":[{"system":"email","value":"kevin.mayfield@mayfield-is.co.uk"}]}],"description":"Demonstration of Care Connect STU3 Implementation Guide to support Messaging","jurisdiction":[{"coding":[{"system":"http://unstats.un.org/unsd/methods/m49/m49.htm","code":"826"}]}],"fhirVersion":"3.0.2","package":[{"id":"uk-examples","name":"CareConnect Examples","description":"These are example instances that show what data produced and consumed by systems conforming with this implementation guide might look like","resource":[{"extension":[{"url":"http://hl7.org/fhir/StructureDefinition/implementationguide-page","valueUri":"Bundle-notification-admit.html"}],"example":true,"name":"notification-admit","description":"Notifiation Admission FHIR Message - Admit a patient","sourceReference":{"reference":"Bundle/notification-admit"}},{"extension":[{"url":"http://hl7.org/fhir/StructureDefinition/implementationguide-page","valueUri":"Bundle-notification-admit-transaction.html"}],"example":true,"name":"notification-admit-transaction","description":"Notifiation Admission FHIR Transaction - Admit a patient","sourceReference":{"reference":"Bundle/notification-admit-transaction"}},{"extension":[{"url":"http://hl7.org/fhir/StructureDefinition/implementationguide-page","valueUri":"Bundle-adta02.html"}],"example":true,"name":"ADT_A02 FHIR Message","description":"ADT_A02 FHIR Message - Transfer a patient","sourceReference":{"reference":"Bundle/adta02"}},{"extension":[{"url":"http://hl7.org/fhir/StructureDefinition/implementationguide-page","valueUri":"Bundle-notification-discharge.html"}],"example":true,"name":"Notification Discharge FHIR Message","description":"Notification Discharge FHIR Message - Discharge a patient","sourceReference":{"reference":"Bundle/notification-discharge"}},{"extension":[{"url":"http://hl7.org/fhir/StructureDefinition/implementationguide-page","valueUri":"Bundle-notification-discharge-transaction.html"}],"example":true,"name":"Notification Discharge FHIR Transaction","description":"Notification Discharge FHIR Transaction - Discharge a patient","sourceReference":{"reference":"Bundle/notification-discharge-transaction"}},{"extension":[{"url":"http://hl7.org/fhir/StructureDefinition/implementationguide-page","valueUri":"Bundle-adta04.html"}],"example":true,"name":"ADT_A04 FHIR Message","description":"ADT_A04 FHIR Message - Register a patient","sourceReference":{"reference":"Bundle/adta04"}},{"extension":[{"url":"http://hl7.org/fhir/StructureDefinition/implementationguide-page","valueUri":"Bundle-adta05.html"}],"example":true,"name":"ADT_A05 FHIR Message","description":"ADT_A05 FHIR Message - Pre-Admit a patient","sourceReference":{"reference":"Bundle/adta05"}},{"extension":[{"url":"http://hl7.org/fhir/StructureDefinition/implementationguide-page","valueUri":"Bundle-patient-create.html"}],"example":true,"name":"Patient Create FHIR Message","description":"Patient Create FHIR Message - Add person information","sourceReference":{"reference":"Bundle/patient-create"}},{"extension":[{"url":"http://hl7.org/fhir/StructureDefinition/implementationguide-page","valueUri":"Bundle-patient-create-transaction.html"}],"example":true,"name":"Patient Create FHIR Transaction","description":"Patient Create FHIR Transaction - Add person information","sourceReference":{"reference":"Bundle/patient-create-transaction"}},{"extension":[{"url":"http://hl7.org/fhir/StructureDefinition/implementationguide-page","valueUri":"Bundle-orur01.html"}],"example":true,"name":"ORU_R01 NEWS2 FHIR Message","description":"ORU_R01 NEWS2 FHIR Message - Unsolicited Transmission Of Requested Information","sourceReference":{"reference":"Bundle/orur01"}},{"extension":[{"url":"http://hl7.org/fhir/StructureDefinition/implementationguide-page","valueUri":"Bundle-orur01-path.html"}],"example":true,"name":"ORU_R01 Pathology FHIR Message","description":"ORU_R01 Pathology FHIR Message - Unsolicited Transmission Of Requested Information","sourceReference":{"reference":"Bundle/orur01-path"}},{"extension":[{"url":"http://hl7.org/fhir/StructureDefinition/implementationguide-page","valueUri":"Bundle-ormo01.html"}],"example":true,"name":"ORM_O01 Order FHIR Message","description":"ORM_O01 Pathology FHIR Message - Unsolicited Transmission Of Requested Information","sourceReference":{"reference":"Bundle/ormo01"}},{"extension":[{"url":"http://hl7.org/fhir/StructureDefinition/implementationguide-page","valueUri":"Questionnaire-covid-19-public.html"}],"example":true,"name":"COVID-19 Questionnaire Mock up","description":"Loosely based on NHS111 Online questionnaire","sourceReference":{"reference":"Questionnaire/covid-19-public"}}]},{"id":"_dyn_messagedefinition","name":"Behavior: Message Definitions","description":"These define the types of messages that can be sent and/or received by systems complying with this implementation guide","resource":[{"extension":[{"url":"http://hl7.org/fhir/StructureDefinition/implementationguide-page","valueUri":"MessageDefinition-patient-referral.html"}],"example":false,"name":"Patient Referral","description":"Patient Referral","sourceReference":{"reference":"MessageDefinition/patient-referral"}},{"extension":[{"url":"http://hl7.org/fhir/StructureDefinition/implementationguide-page","valueUri":"MessageDefinition-response-patient-referral.html"}],"example":false,"name":"Response Patient Referral","description":"Response Patient Referral","sourceReference":{"reference":"MessageDefinition/response-patient-referral"}},{"extension":[{"url":"http://hl7.org/fhir/StructureDefinition/implementationguide-page","valueUri":"MessageDefinition-modify-patient-referral.html"}],"example":false,"name":"Modify Patient Referral","description":"Modify Patient Referral","sourceReference":{"reference":"MessageDefinition/modify-patient-referral"}},{"extension":[{"url":"http://hl7.org/fhir/StructureDefinition/implementationguide-page","valueUri":"MessageDefinition-cancel-patient-referral.html"}],"example":false,"name":"Cancel Patient Referral","description":"Cancel Patient Referral","sourceReference":{"reference":"MessageDefinition/cancel-patient-referral"}},{"extension":[{"url":"http://hl7.org/fhir/StructureDefinition/implementationguide-page","valueUri":"MessageDefinition-notification-admit.html"}],"example":false,"name":"Notitification Admission","description":"Admission Notification - care provision started","sourceReference":{"reference":"MessageDefinition/notification-admit"}},{"extension":[{"url":"http://hl7.org/fhir/StructureDefinition/implementationguide-page","valueUri":"MessageDefinition-notification-discharge.html"}],"example":false,"name":"Notitification Discharge","description":"Discharge Notification - patient handed over.","sourceReference":{"reference":"MessageDefinition/notification-discharge"}}]},{"id":"_str_graphdefinition","name":"Structures: Graph Definitions","description":"These define collections of interrelated resources that are useful to pass around as a group","resource":[{"extension":[{"url":"http://hl7.org/fhir/StructureDefinition/implementationguide-page","valueUri":"GraphDefinition-patient-referral-message.html"}],"example":false,"name":"Patient Referral Message Definition","description":"For handover, service request or referral","sourceReference":{"reference":"GraphDefinition/patient-referral-message"}}]},{"id":"_ex_example","name":"Example: Example Instances","description":"These are example instances that show what data produced and consumed by systems conforming with this implementation guide might look like","resource":[{"extension":[{"url":"http://hl7.org/fhir/StructureDefinition/implementationguide-page","valueUri":"Bundle-patient-referral.html"}],"example":true,"name":"Patient Referral Example","description":"Patient Referral Example","sourceReference":{"reference":"Bundle/patient-referral"}}]},{"id":"_other","name":"Other","description":"These are resources that are used within this implementation guide that don't fit into one of the other categories","resource":[{"extension":[{"url":"http://hl7.org/fhir/StructureDefinition/implementationguide-page","valueUri":"Bundle-111-report.html"}],"example":false,"sourceReference":{"reference":"Bundle/111-report"}},{"extension":[{"url":"http://hl7.org/fhir/StructureDefinition/implementationguide-page","valueUri":"Bundle-ambulance-request.html"}],"example":false,"sourceReference":{"reference":"Bundle/ambulance-request"}}]}],"page":{"source":"toc.html","title":"Table of Contents","kind":"page","page":[{"source":"index.html","title":"Care Connect Messaging","kind":"resource"},{"source":"hl7v2tofhir.html","title":"HL7v2 to FHIR Conversion","kind":"resource"},{"source":"adt.html","title":"HL7 v2 and FHIR Admission, Discharge and Transfers","kind":"resource"},{"source":"orders.html","title":"HL7 v2 and FHIR Orders","kind":"resource"},{"source":"results.html","title":"HL7 v2 and FHIR Results","kind":"resource"},{"source":"messagedefinitions.html","title":"Message Definitions","kind":"resource"},{"source":"examples.html","title":"Examples","kind":"resource"},{"source":"graphdefinitions.html","title":"Graph Definitions","kind":"resource"},{"source":"downloads.html","title":"Useful Downloads","kind":"resource"},{"source":"changes.html","title":"IG Change History","kind":"resource"},{"source":"artifacts.html","title":"Artifacts Summary","kind":"page","page":[{"source":"Bundle-notification-admit.html","title":"notification-admit","kind":"resource"},{"source":"Bundle-notification-admit-transaction.html","title":"notification-admit-transaction","kind":"resource"},{"source":"Bundle-adta02.html","title":"ADT_A02 FHIR Message","kind":"resource"},{"source":"Bundle-notification-discharge.html","title":"Notification Discharge FHIR Message","kind":"resource"},{"source":"Bundle-notification-discharge-transaction.html","title":"Notification Discharge FHIR Transaction","kind":"resource"},{"source":"Bundle-adta04.html","title":"ADT_A04 FHIR Message","kind":"resource"},{"source":"Bundle-adta05.html","title":"ADT_A05 FHIR Message","kind":"resource"},{"source":"Bundle-patient-create.html","title":"Patient Create FHIR Message","kind":"resource"},{"source":"Bundle-patient-create-transaction.html","title":"Patient Create FHIR Transaction","kind":"resource"},{"source":"Bundle-orur01.html","title":"ORU_R01 NEWS2 FHIR Message","kind":"resource"},{"source":"Bundle-orur01-path.html","title":"ORU_R01 Pathology FHIR Message","kind":"resource"},{"source":"Bundle-ormo01.html","title":"ORM_O01 Order FHIR Message","kind":"resource"},{"source":"Questionnaire-covid-19-public.html","title":"COVID-19 Questionnaire Mock up","kind":"resource"},{"source":"MessageDefinition-patient-referral.html","title":"Patient Referral","kind":"resource"},{"source":"MessageDefinition-response-patient-referral.html","title":"Response Patient Referral","kind":"resource"},{"source":"MessageDefinition-modify-patient-referral.html","title":"Modify Patient Referral","kind":"resource"},{"source":"MessageDefinition-cancel-patient-referral.html","title":"Cancel Patient Referral","kind":"resource"},{"source":"MessageDefinition-notification-admit.html","title":"Notitification Admission","kind":"resource"},{"source":"MessageDefinition-notification-discharge.html","title":"Notitification Discharge","kind":"resource"},{"source":"GraphDefinition-patient-referral-message.html","title":"Patient Referral Message Definition","kind":"resource"},{"source":"Bundle-patient-referral.html","title":"Patient Referral Example","kind":"resource"},{"source":"Bundle-111-report.html","kind":"resource"},{"source":"Bundle-ambulance-request.html","kind":"resource"}]}]}}