{"resourceType":"Questionnaire","id":"covid-19-public","text":{"status":"generated","div":"<div xmlns=\"http://www.w3.org/1999/xhtml\"><p><b>Generated Narrative with Details</b></p><p><b>id</b>: covid-19-public</p><p><b>url</b>: <a href=\"https://fhir.nhs.uk/Questionnaire/covid-19-public\">https://fhir.nhs.uk/Questionnaire/covid-19-public</a></p><p><b>identifier</b>: covid-19-public</p><p><b>version</b>: 3.0.0</p><p><b>name</b>: NHS 111 Online COVID-19</p><p><b>title</b>: NHS 111 Online COVID-19</p><p><b>status</b>: DRAFT</p><p><b>subjectType</b>: Patient</p><p><b>date</b>: 10 Mar 2020, 11:29:01</p><p><b>publisher</b>: mayfield-is.co.uk</p><p><b>contact</b>: </p><p><b>description</b>: Mock up of NHS 111 Online questionnaire as a FHIR Resource</p><p><b>jurisdiction</b>: United Kingdom of Great Britain and Northern Ireland (GBR) <span style=\"background: LightGoldenRodYellow\">(Details : {http://unstats.un.org/unsd/methods/m49/m49.htm code '826' = 'United Kingdom of Great Britain and Northern Ireland (GBR))</span></p><blockquote><p><b>item</b></p><p><b>linkId</b>: covid-19-1</p><p><b>text</b>: Have you been to or travelled through any of these areas in last 14 days?</p><p><b>type</b>: OPENCHOICE</p></blockquote><blockquote><p><b>item</b></p><p><b>linkId</b>: covid-19-2</p><p><b>text</b>: Have you been to or travelled through any of these areas in last 14 days?</p><p><b>type</b>: OPENCHOICE</p><h3>EnableWhens</h3><table class=\"grid\"><tr><td>-</td><td><b>Question</b></td><td><b>Answer[x]</b></td></tr><tr><td>*</td><td>covid-19-1</td><td>false</td></tr></table></blockquote><blockquote><p><b>item</b></p><p><b>linkId</b>: covid-19-3</p><p><b>text</b>: Has someone with a confirmed case of coronavirus been in close contact with you?</p><p><b>type</b>: BOOLEAN</p></blockquote><blockquote><p><b>item</b></p><p><b>linkId</b>: covid-19-4</p><p><b>text</b>: Do you have any of these?</p><p><b>type</b>: OPENCHOICE</p></blockquote></div>"},"url":"https://fhir.nhs.uk/Questionnaire/covid-19-public","identifier":[{"system":"https://fhir.nhs.uk/Questionnaire","value":"covid-19-public"}],"version":"3.0.0","name":"NHS 111 Online COVID-19","title":"NHS 111 Online COVID-19","status":"draft","date":"2020-03-10T11:29:01+00:00","publisher":"mayfield-is.co.uk","description":"Mock up of NHS 111 Online questionnaire as a FHIR Resource","jurisdiction":[{"coding":[{"system":"http://unstats.un.org/unsd/methods/m49/m49.htm","code":"826"}]}],"contact":[{"telecom":[{"system":"email","value":"kevin.mayfield@mayfield-is.co.uk"}]}],"subjectType":["Patient"],"item":[{"linkId":"covid-19-1","text":"Have you been to or travelled through any of these areas in last 14 days?","type":"open-choice","option":[{"valueString":"Hubei province, China"},{"valueString":"locked down areas in northern Italy"},{"valueString":"H10 Costa Adeje Palace Hotel (Tenerife)"}]},{"linkId":"covid-19-2","text":"Have you been to or travelled through any of these areas in last 14 days?","type":"open-choice","enableWhen":[{"question":"covid-19-1","hasAnswer":false}],"option":[{"valueString":"Italy"},{"valueString":"Daegu or Cheongdo in South Korea"},{"valueString":"Iran"},{"valueString":"Cambodia, Laos, Myanmar (Burma) or Vietnam"},{"valueString":"China, Hong Kong, Macau or Taiwan"},{"valueString":"Japan, Malaysia, South Korea, Singapore or Thailand"}]},{"linkId":"covid-19-3","text":"Has someone with a confirmed case of coronavirus been in close contact with you?","type":"boolean"},{"linkId":"covid-19-4","text":"Do you have any of these?","type":"open-choice","option":[{"valueString":"High Temperature"},{"valueString":"Cough"},{"valueString":"Shortness of Breath"}]}]}