<?xml version="1.0" encoding="UTF-8"?>

<ImplementationGuide xmlns="http://hl7.org/fhir">
  <id value="careconnect-messaging-stu3"/>
  <text>
    <status value="generated"/><div xmlns="http://www.w3.org/1999/xhtml"><h2>Care Connect Messaging</h2><p>The official URL for this implementation guide is: </p><pre>https://kevinmayfield.github.io/careconnect-api-stu3/ImplementationGuide/careconnect-messaging-stu3</pre><div><p>Demonstration of Care Connect STU3 Implementation Guide to support Messaging</p>
</div></div>
  </text>
  <url value="https://kevinmayfield.github.io/careconnect-api-stu3/ImplementationGuide/careconnect-messaging-stu3"/>
  <version value="3.0.0"/>
  <name value="Care Connect Messaging"/>
  <status value="draft"/>
  <experimental value="false"/>
  <date value="2020-03-10T18:22:23+00:00"/>
  <publisher value="mayfield-is.co.uk"/>
  <contact>
    <telecom>
      <system value="email"/>
      <value value="kevin.mayfield@mayfield-is.co.uk"/>
    </telecom>
  </contact>
  <description value="Demonstration of Care Connect STU3 Implementation Guide to support Messaging"/>
  <jurisdiction>
    <coding>
      <system value="http://unstats.un.org/unsd/methods/m49/m49.htm"/>
      <code value="826"/>
    </coding>
  </jurisdiction>
  <fhirVersion value="3.0.2"/>
  <package id="uk-examples">
    <name value="CareConnect Examples"/>
    <description value="These are example instances that show what data produced and consumed by systems conforming with this implementation guide might look like"/>
    <resource>
      <extension url="http://hl7.org/fhir/tools/StructureDefinition/resource-information">
        <valueString value="Bundle"/>
      </extension>
      <extension url="http://hl7.org/fhir/StructureDefinition/implementationguide-page">
        <valueUri value="Bundle-notification-admit.html"/>
      </extension>
      <example value="true"/>
      <name value="notification-admit"/>
      <description value="Notifiation Admission FHIR Message - Admit a patient"/>
      <sourceReference>
        <reference value="Bundle/notification-admit"/>
      </sourceReference>
    </resource>
    <resource>
      <extension url="http://hl7.org/fhir/tools/StructureDefinition/resource-information">
        <valueString value="Bundle"/>
      </extension>
      <extension url="http://hl7.org/fhir/StructureDefinition/implementationguide-page">
        <valueUri value="Bundle-notification-admit-transaction.html"/>
      </extension>
      <example value="true"/>
      <name value="notification-admit-transaction"/>
      <description value="Notifiation Admission FHIR Transaction - Admit a patient"/>
      <sourceReference>
        <reference value="Bundle/notification-admit-transaction"/>
      </sourceReference>
    </resource>
    <resource>
      <extension url="http://hl7.org/fhir/tools/StructureDefinition/resource-information">
        <valueString value="Bundle"/>
      </extension>
      <extension url="http://hl7.org/fhir/StructureDefinition/implementationguide-page">
        <valueUri value="Bundle-adta02.html"/>
      </extension>
      <example value="true"/>
      <name value="ADT_A02 FHIR Message"/>
      <description value="ADT_A02 FHIR Message - Transfer a patient"/>
      <sourceReference>
        <reference value="Bundle/adta02"/>
      </sourceReference>
    </resource>
    <resource>
      <extension url="http://hl7.org/fhir/tools/StructureDefinition/resource-information">
        <valueString value="Bundle"/>
      </extension>
      <extension url="http://hl7.org/fhir/StructureDefinition/implementationguide-page">
        <valueUri value="Bundle-notification-discharge.html"/>
      </extension>
      <example value="true"/>
      <name value="Notification Discharge FHIR Message"/>
      <description value="Notification Discharge FHIR Message - Discharge a patient"/>
      <sourceReference>
        <reference value="Bundle/notification-discharge"/>
      </sourceReference>
    </resource>
    <resource>
      <extension url="http://hl7.org/fhir/tools/StructureDefinition/resource-information">
        <valueString value="Bundle"/>
      </extension>
      <extension url="http://hl7.org/fhir/StructureDefinition/implementationguide-page">
        <valueUri value="Bundle-notification-discharge-transaction.html"/>
      </extension>
      <example value="true"/>
      <name value="Notification Discharge FHIR Transaction"/>
      <description value="Notification Discharge FHIR Transaction - Discharge a patient"/>
      <sourceReference>
        <reference value="Bundle/notification-discharge-transaction"/>
      </sourceReference>
    </resource>
    <resource>
      <extension url="http://hl7.org/fhir/tools/StructureDefinition/resource-information">
        <valueString value="Bundle"/>
      </extension>
      <extension url="http://hl7.org/fhir/StructureDefinition/implementationguide-page">
        <valueUri value="Bundle-adta04.html"/>
      </extension>
      <example value="true"/>
      <name value="ADT_A04 FHIR Message"/>
      <description value="ADT_A04 FHIR Message - Register a patient"/>
      <sourceReference>
        <reference value="Bundle/adta04"/>
      </sourceReference>
    </resource>
    <resource>
      <extension url="http://hl7.org/fhir/tools/StructureDefinition/resource-information">
        <valueString value="Bundle"/>
      </extension>
      <extension url="http://hl7.org/fhir/StructureDefinition/implementationguide-page">
        <valueUri value="Bundle-adta05.html"/>
      </extension>
      <example value="true"/>
      <name value="ADT_A05 FHIR Message"/>
      <description value="ADT_A05 FHIR Message - Pre-Admit a patient"/>
      <sourceReference>
        <reference value="Bundle/adta05"/>
      </sourceReference>
    </resource>
    <resource>
      <extension url="http://hl7.org/fhir/tools/StructureDefinition/resource-information">
        <valueString value="Bundle"/>
      </extension>
      <extension url="http://hl7.org/fhir/StructureDefinition/implementationguide-page">
        <valueUri value="Bundle-patient-create.html"/>
      </extension>
      <example value="true"/>
      <name value="Patient Create FHIR Message"/>
      <description value="Patient Create FHIR Message - Add person information"/>
      <sourceReference>
        <reference value="Bundle/patient-create"/>
      </sourceReference>
    </resource>
    <resource>
      <extension url="http://hl7.org/fhir/tools/StructureDefinition/resource-information">
        <valueString value="Bundle"/>
      </extension>
      <extension url="http://hl7.org/fhir/StructureDefinition/implementationguide-page">
        <valueUri value="Bundle-patient-create-transaction.html"/>
      </extension>
      <example value="true"/>
      <name value="Patient Create FHIR Transaction"/>
      <description value="Patient Create FHIR Transaction - Add person information"/>
      <sourceReference>
        <reference value="Bundle/patient-create-transaction"/>
      </sourceReference>
    </resource>
    <resource>
      <extension url="http://hl7.org/fhir/tools/StructureDefinition/resource-information">
        <valueString value="Bundle"/>
      </extension>
      <extension url="http://hl7.org/fhir/StructureDefinition/implementationguide-page">
        <valueUri value="Bundle-orur01.html"/>
      </extension>
      <example value="true"/>
      <name value="ORU_R01 NEWS2 FHIR Message"/>
      <description value="ORU_R01 NEWS2 FHIR Message - Unsolicited Transmission Of Requested Information"/>
      <sourceReference>
        <reference value="Bundle/orur01"/>
      </sourceReference>
    </resource>
    <resource>
      <extension url="http://hl7.org/fhir/tools/StructureDefinition/resource-information">
        <valueString value="Bundle"/>
      </extension>
      <extension url="http://hl7.org/fhir/StructureDefinition/implementationguide-page">
        <valueUri value="Bundle-orur01-path.html"/>
      </extension>
      <example value="true"/>
      <name value="ORU_R01 Pathology FHIR Message"/>
      <description value="ORU_R01 Pathology FHIR Message - Unsolicited Transmission Of Requested Information"/>
      <sourceReference>
        <reference value="Bundle/orur01-path"/>
      </sourceReference>
    </resource>
    <resource>
      <extension url="http://hl7.org/fhir/tools/StructureDefinition/resource-information">
        <valueString value="Bundle"/>
      </extension>
      <extension url="http://hl7.org/fhir/StructureDefinition/implementationguide-page">
        <valueUri value="Bundle-ormo01.html"/>
      </extension>
      <example value="true"/>
      <name value="ORM_O01 Order FHIR Message"/>
      <description value="ORM_O01 Pathology FHIR Message - Unsolicited Transmission Of Requested Information"/>
      <sourceReference>
        <reference value="Bundle/ormo01"/>
      </sourceReference>
    </resource>
    <resource>
      <extension url="http://hl7.org/fhir/tools/StructureDefinition/resource-information">
        <valueString value="Questionnaire"/>
      </extension>
      <extension url="http://hl7.org/fhir/StructureDefinition/implementationguide-page">
        <valueUri value="Questionnaire-covid-19-public.html"/>
      </extension>
      <example value="true"/>
      <name value="COVID-19 Questionnaire Mock up"/>
      <description value="Loosely based on NHS111 Online questionnaire"/>
      <sourceReference>
        <reference value="Questionnaire/covid-19-public"/>
      </sourceReference>
    </resource>
  </package>
  <page>
    <source value="toc.html"/>
    <title value="Table of Contents"/>
    <kind value="page"/>
    <page>
      <source value="index.html"/>
      <title value="Care Connect Messaging"/>
      <kind value="resource"/>
    </page>
    <page>
      <source value="hl7v2tofhir.html"/>
      <title value="HL7v2 to FHIR Conversion"/>
      <kind value="resource"/>
    </page>
    <page>
      <source value="adt.html"/>
      <title value="HL7 v2 and FHIR Admission, Discharge and Transfers"/>
      <kind value="resource"/>
    </page>
    <page>
      <source value="orders.html"/>
      <title value="HL7 v2 and FHIR Orders"/>
      <kind value="resource"/>
    </page>
    <page>
      <source value="results.html"/>
      <title value="HL7 v2 and FHIR Results"/>
      <kind value="resource"/>
    </page>
    <page>
      <source value="messagedefinitions.html"/>
      <title value="Message Definitions"/>
      <kind value="resource"/>
    </page>
    <page>
      <source value="examples.html"/>
      <title value="Examples"/>
      <kind value="resource"/>
    </page>
    <page>
      <source value="graphdefinitions.html"/>
      <title value="Graph Definitions"/>
      <kind value="resource"/>
    </page>
    <page>
      <source value="downloads.html"/>
      <title value="Useful Downloads"/>
      <kind value="resource"/>
    </page>
    <page>
      <source value="changes.html"/>
      <title value="IG Change History"/>
      <kind value="resource"/>
    </page>
  </page>
</ImplementationGuide>