<?xml version="1.0" encoding="UTF-8"?><ImplementationGuide xmlns="http://hl7.org/fhir"><id value="careconnect-messaging-stu3"/><text><status value="generated"/><div xmlns="http://www.w3.org/1999/xhtml"><h2>Care Connect Messaging</h2><p>The official URL for this implementation guide is: </p><pre>https://kevinmayfield.github.io/careconnect-api-stu3/ImplementationGuide/careconnect-messaging-stu3</pre><div><p>Demonstration of Care Connect STU3 Implementation Guide to support Messaging</p>
</div></div></text><url value="https://kevinmayfield.github.io/careconnect-api-stu3/ImplementationGuide/careconnect-messaging-stu3"/><version value="3.0.0"/><name value="Care Connect Messaging"/><status value="draft"/><experimental value="false"/><date value="2020-03-10T11:29:01+00:00"/><publisher value="mayfield-is.co.uk"/><contact><telecom><system value="email"/><value value="kevin.mayfield@mayfield-is.co.uk"/></telecom></contact><description value="Demonstration of Care Connect STU3 Implementation Guide to support Messaging"/><jurisdiction><coding><system value="http://unstats.un.org/unsd/methods/m49/m49.htm"/><code value="826"/></coding></jurisdiction><fhirVersion value="3.0.2"/><package id="uk-examples"><name value="CareConnect Examples"/><description value="These are example instances that show what data produced and consumed by systems conforming with this implementation guide might look like"/><resource><extension url="http://hl7.org/fhir/StructureDefinition/implementationguide-page"><valueUri value="Bundle-notification-admit.html"/></extension><example value="true"/><name value="notification-admit"/><description value="Notifiation Admission FHIR Message - Admit a patient"/><sourceReference><reference value="Bundle/notification-admit"/></sourceReference></resource><resource><extension url="http://hl7.org/fhir/StructureDefinition/implementationguide-page"><valueUri value="Bundle-notification-admit-transaction.html"/></extension><example value="true"/><name value="notification-admit-transaction"/><description value="Notifiation Admission FHIR Transaction - Admit a patient"/><sourceReference><reference value="Bundle/notification-admit-transaction"/></sourceReference></resource><resource><extension url="http://hl7.org/fhir/StructureDefinition/implementationguide-page"><valueUri value="Bundle-adta02.html"/></extension><example value="true"/><name value="ADT_A02 FHIR Message"/><description value="ADT_A02 FHIR Message - Transfer a patient"/><sourceReference><reference value="Bundle/adta02"/></sourceReference></resource><resource><extension url="http://hl7.org/fhir/StructureDefinition/implementationguide-page"><valueUri value="Bundle-notification-discharge.html"/></extension><example value="true"/><name value="Notification Discharge FHIR Message"/><description value="Notification Discharge FHIR Message - Discharge a patient"/><sourceReference><reference value="Bundle/notification-discharge"/></sourceReference></resource><resource><extension url="http://hl7.org/fhir/StructureDefinition/implementationguide-page"><valueUri value="Bundle-notification-discharge-transaction.html"/></extension><example value="true"/><name value="Notification Discharge FHIR Transaction"/><description value="Notification Discharge FHIR Transaction - Discharge a patient"/><sourceReference><reference value="Bundle/notification-discharge-transaction"/></sourceReference></resource><resource><extension url="http://hl7.org/fhir/StructureDefinition/implementationguide-page"><valueUri value="Bundle-adta04.html"/></extension><example value="true"/><name value="ADT_A04 FHIR Message"/><description value="ADT_A04 FHIR Message - Register a patient"/><sourceReference><reference value="Bundle/adta04"/></sourceReference></resource><resource><extension url="http://hl7.org/fhir/StructureDefinition/implementationguide-page"><valueUri value="Bundle-adta05.html"/></extension><example value="true"/><name value="ADT_A05 FHIR Message"/><description value="ADT_A05 FHIR Message - Pre-Admit a patient"/><sourceReference><reference value="Bundle/adta05"/></sourceReference></resource><resource><extension url="http://hl7.org/fhir/StructureDefinition/implementationguide-page"><valueUri value="Bundle-patient-create.html"/></extension><example value="true"/><name value="Patient Create FHIR Message"/><description value="Patient Create FHIR Message - Add person information"/><sourceReference><reference value="Bundle/patient-create"/></sourceReference></resource><resource><extension url="http://hl7.org/fhir/StructureDefinition/implementationguide-page"><valueUri value="Bundle-patient-create-transaction.html"/></extension><example value="true"/><name value="Patient Create FHIR Transaction"/><description value="Patient Create FHIR Transaction - Add person information"/><sourceReference><reference value="Bundle/patient-create-transaction"/></sourceReference></resource><resource><extension url="http://hl7.org/fhir/StructureDefinition/implementationguide-page"><valueUri value="Bundle-orur01.html"/></extension><example value="true"/><name value="ORU_R01 NEWS2 FHIR Message"/><description value="ORU_R01 NEWS2 FHIR Message - Unsolicited Transmission Of Requested Information"/><sourceReference><reference value="Bundle/orur01"/></sourceReference></resource><resource><extension url="http://hl7.org/fhir/StructureDefinition/implementationguide-page"><valueUri value="Bundle-orur01-path.html"/></extension><example value="true"/><name value="ORU_R01 Pathology FHIR Message"/><description value="ORU_R01 Pathology FHIR Message - Unsolicited Transmission Of Requested Information"/><sourceReference><reference value="Bundle/orur01-path"/></sourceReference></resource><resource><extension url="http://hl7.org/fhir/StructureDefinition/implementationguide-page"><valueUri value="Bundle-ormo01.html"/></extension><example value="true"/><name value="ORM_O01 Order FHIR Message"/><description value="ORM_O01 Pathology FHIR Message - Unsolicited Transmission Of Requested Information"/><sourceReference><reference value="Bundle/ormo01"/></sourceReference></resource><resource><extension url="http://hl7.org/fhir/StructureDefinition/implementationguide-page"><valueUri value="Questionnaire-covid-19-public.html"/></extension><example value="true"/><name value="COVID-19 Questionnaire Mock up"/><description value="Loosely based on NHS111 Online questionnaire"/><sourceReference><reference value="Questionnaire/covid-19-public"/></sourceReference></resource></package><package id="_dyn_messagedefinition"><name value="Behavior: Message Definitions"/><description value="These define the types of messages that can be sent and/or received by systems complying with this implementation guide"/><resource><extension url="http://hl7.org/fhir/StructureDefinition/implementationguide-page"><valueUri value="MessageDefinition-patient-referral.html"/></extension><example value="false"/><name value="Patient Referral"/><description value="Patient Referral"/><sourceReference><reference value="MessageDefinition/patient-referral"/></sourceReference></resource><resource><extension url="http://hl7.org/fhir/StructureDefinition/implementationguide-page"><valueUri value="MessageDefinition-response-patient-referral.html"/></extension><example value="false"/><name value="Response Patient Referral"/><description value="Response Patient Referral"/><sourceReference><reference value="MessageDefinition/response-patient-referral"/></sourceReference></resource><resource><extension url="http://hl7.org/fhir/StructureDefinition/implementationguide-page"><valueUri value="MessageDefinition-modify-patient-referral.html"/></extension><example value="false"/><name value="Modify Patient Referral"/><description value="Modify Patient Referral"/><sourceReference><reference value="MessageDefinition/modify-patient-referral"/></sourceReference></resource><resource><extension url="http://hl7.org/fhir/StructureDefinition/implementationguide-page"><valueUri value="MessageDefinition-cancel-patient-referral.html"/></extension><example value="false"/><name value="Cancel Patient Referral"/><description value="Cancel Patient Referral"/><sourceReference><reference value="MessageDefinition/cancel-patient-referral"/></sourceReference></resource><resource><extension url="http://hl7.org/fhir/StructureDefinition/implementationguide-page"><valueUri value="MessageDefinition-notification-admit.html"/></extension><example value="false"/><name value="Notitification Admission"/><description value="Admission Notification - care provision started"/><sourceReference><reference value="MessageDefinition/notification-admit"/></sourceReference></resource><resource><extension url="http://hl7.org/fhir/StructureDefinition/implementationguide-page"><valueUri value="MessageDefinition-notification-discharge.html"/></extension><example value="false"/><name value="Notitification Discharge"/><description value="Discharge Notification - patient handed over."/><sourceReference><reference value="MessageDefinition/notification-discharge"/></sourceReference></resource></package><package id="_str_graphdefinition"><name value="Structures: Graph Definitions"/><description value="These define collections of interrelated resources that are useful to pass around as a group"/><resource><extension url="http://hl7.org/fhir/StructureDefinition/implementationguide-page"><valueUri value="GraphDefinition-patient-referral-message.html"/></extension><example value="false"/><name value="Patient Referral Message Definition"/><description value="For handover, service request or referral"/><sourceReference><reference value="GraphDefinition/patient-referral-message"/></sourceReference></resource></package><package id="_ex_example"><name value="Example: Example Instances"/><description value="These are example instances that show what data produced and consumed by systems conforming with this implementation guide might look like"/><resource><extension url="http://hl7.org/fhir/StructureDefinition/implementationguide-page"><valueUri value="Bundle-patient-referral.html"/></extension><example value="true"/><name value="Patient Referral Example"/><description value="Patient Referral Example"/><sourceReference><reference value="Bundle/patient-referral"/></sourceReference></resource></package><package id="_other"><name value="Other"/><description value="These are resources that are used within this implementation guide that don&#39;t fit into one of the other categories"/><resource><extension url="http://hl7.org/fhir/StructureDefinition/implementationguide-page"><valueUri value="Bundle-111-report.html"/></extension><example value="false"/><sourceReference><reference value="Bundle/111-report"/></sourceReference></resource><resource><extension url="http://hl7.org/fhir/StructureDefinition/implementationguide-page"><valueUri value="Bundle-ambulance-request.html"/></extension><example value="false"/><sourceReference><reference value="Bundle/ambulance-request"/></sourceReference></resource></package><page><source value="toc.html"/><title value="Table of Contents"/><kind value="page"/><page><source value="index.html"/><title value="Care Connect Messaging"/><kind value="resource"/></page><page><source value="hl7v2tofhir.html"/><title value="HL7v2 to FHIR Conversion"/><kind value="resource"/></page><page><source value="adt.html"/><title value="HL7 v2 and FHIR Admission, Discharge and Transfers"/><kind value="resource"/></page><page><source value="orders.html"/><title value="HL7 v2 and FHIR Orders"/><kind value="resource"/></page><page><source value="results.html"/><title value="HL7 v2 and FHIR Results"/><kind value="resource"/></page><page><source value="messagedefinitions.html"/><title value="Message Definitions"/><kind value="resource"/></page><page><source value="examples.html"/><title value="Examples"/><kind value="resource"/></page><page><source value="graphdefinitions.html"/><title value="Graph Definitions"/><kind value="resource"/></page><page><source value="downloads.html"/><title value="Useful Downloads"/><kind value="resource"/></page><page><source value="changes.html"/><title value="IG Change History"/><kind value="resource"/></page><page><source value="artifacts.html"/><title value="Artifacts Summary"/><kind value="page"/><page><source value="Bundle-notification-admit.html"/><title value="notification-admit"/><kind value="resource"/></page><page><source value="Bundle-notification-admit-transaction.html"/><title value="notification-admit-transaction"/><kind value="resource"/></page><page><source value="Bundle-adta02.html"/><title value="ADT_A02 FHIR Message"/><kind value="resource"/></page><page><source value="Bundle-notification-discharge.html"/><title value="Notification Discharge FHIR Message"/><kind value="resource"/></page><page><source value="Bundle-notification-discharge-transaction.html"/><title value="Notification Discharge FHIR Transaction"/><kind value="resource"/></page><page><source value="Bundle-adta04.html"/><title value="ADT_A04 FHIR Message"/><kind value="resource"/></page><page><source value="Bundle-adta05.html"/><title value="ADT_A05 FHIR Message"/><kind value="resource"/></page><page><source value="Bundle-patient-create.html"/><title value="Patient Create FHIR Message"/><kind value="resource"/></page><page><source value="Bundle-patient-create-transaction.html"/><title value="Patient Create FHIR Transaction"/><kind value="resource"/></page><page><source value="Bundle-orur01.html"/><title value="ORU_R01 NEWS2 FHIR Message"/><kind value="resource"/></page><page><source value="Bundle-orur01-path.html"/><title value="ORU_R01 Pathology FHIR Message"/><kind value="resource"/></page><page><source value="Bundle-ormo01.html"/><title value="ORM_O01 Order FHIR Message"/><kind value="resource"/></page><page><source value="Questionnaire-covid-19-public.html"/><title value="COVID-19 Questionnaire Mock up"/><kind value="resource"/></page><page><source value="MessageDefinition-patient-referral.html"/><title value="Patient Referral"/><kind value="resource"/></page><page><source value="MessageDefinition-response-patient-referral.html"/><title value="Response Patient Referral"/><kind value="resource"/></page><page><source value="MessageDefinition-modify-patient-referral.html"/><title value="Modify Patient Referral"/><kind value="resource"/></page><page><source value="MessageDefinition-cancel-patient-referral.html"/><title value="Cancel Patient Referral"/><kind value="resource"/></page><page><source value="MessageDefinition-notification-admit.html"/><title value="Notitification Admission"/><kind value="resource"/></page><page><source value="MessageDefinition-notification-discharge.html"/><title value="Notitification Discharge"/><kind value="resource"/></page><page><source value="GraphDefinition-patient-referral-message.html"/><title value="Patient Referral Message Definition"/><kind value="resource"/></page><page><source value="Bundle-patient-referral.html"/><title value="Patient Referral Example"/><kind value="resource"/></page><page><source value="Bundle-111-report.html"/><kind value="resource"/></page><page><source value="Bundle-ambulance-request.html"/><kind value="resource"/></page></page></page></ImplementationGuide>