<?xml version="1.0" encoding="UTF-8"?><Questionnaire xmlns="http://hl7.org/fhir"><id value="covid-19-public"/><text><status value="generated"/><div xmlns="http://www.w3.org/1999/xhtml"><p><b>Generated Narrative with Details</b></p><p><b>id</b>: covid-19-public</p><p><b>url</b>: <a href="https://fhir.nhs.uk/Questionnaire/covid-19-public">https://fhir.nhs.uk/Questionnaire/covid-19-public</a></p><p><b>identifier</b>: covid-19-public</p><p><b>version</b>: 3.0.0</p><p><b>name</b>: NHS 111 Online COVID-19</p><p><b>title</b>: NHS 111 Online COVID-19</p><p><b>status</b>: DRAFT</p><p><b>subjectType</b>: Patient</p><p><b>date</b>: 10 Mar 2020, 11:29:01</p><p><b>publisher</b>: mayfield-is.co.uk</p><p><b>contact</b>: </p><p><b>description</b>: Mock up of NHS 111 Online questionnaire as a FHIR Resource</p><p><b>jurisdiction</b>: United Kingdom of Great Britain and Northern Ireland (GBR) <span style="background: LightGoldenRodYellow">(Details : {http://unstats.un.org/unsd/methods/m49/m49.htm code &#39;826&#39; = &#39;United Kingdom of Great Britain and Northern Ireland (GBR))</span></p><blockquote><p><b>item</b></p><p><b>linkId</b>: covid-19-1</p><p><b>text</b>: Have you been to or travelled through any of these areas in last 14 days?</p><p><b>type</b>: OPENCHOICE</p></blockquote><blockquote><p><b>item</b></p><p><b>linkId</b>: covid-19-2</p><p><b>text</b>: Have you been to or travelled through any of these areas in last 14 days?</p><p><b>type</b>: OPENCHOICE</p><h3>EnableWhens</h3><table class="grid"><tr><td>-</td><td><b>Question</b></td><td><b>Answer[x]</b></td></tr><tr><td>*</td><td>covid-19-1</td><td>false</td></tr></table></blockquote><blockquote><p><b>item</b></p><p><b>linkId</b>: covid-19-3</p><p><b>text</b>: Has someone with a confirmed case of coronavirus been in close contact with you?</p><p><b>type</b>: BOOLEAN</p></blockquote><blockquote><p><b>item</b></p><p><b>linkId</b>: covid-19-4</p><p><b>text</b>: Do you have any of these?</p><p><b>type</b>: OPENCHOICE</p></blockquote></div></text><url value="https://fhir.nhs.uk/Questionnaire/covid-19-public"/><identifier><system value="https://fhir.nhs.uk/Questionnaire"/><value value="covid-19-public"/></identifier><version value="3.0.0"/><name value="NHS 111 Online COVID-19"/><title value="NHS 111 Online COVID-19"/><status value="draft"/><date value="2020-03-10T11:29:01+00:00"/><publisher value="mayfield-is.co.uk"/><description value="Mock up of NHS 111 Online questionnaire as a FHIR Resource"/><jurisdiction><coding><system value="http://unstats.un.org/unsd/methods/m49/m49.htm"/><code value="826"/></coding></jurisdiction><contact><telecom><system value="email"/><value value="kevin.mayfield@mayfield-is.co.uk"/></telecom></contact><subjectType value="Patient"/><item><linkId value="covid-19-1"/><text value="Have you been to or travelled through any of these areas in last 14 days?"/><type value="open-choice"/><option><valueString value="Hubei province, China"/></option><option><valueString value="locked down areas in northern Italy"/></option><option><valueString value="H10 Costa Adeje Palace Hotel (Tenerife)"/></option></item><item><linkId value="covid-19-2"/><text value="Have you been to or travelled through any of these areas in last 14 days?"/><type value="open-choice"/><enableWhen><question value="covid-19-1"/><hasAnswer value="false"/></enableWhen><option><valueString value="Italy"/></option><option><valueString value="Daegu or Cheongdo in South Korea"/></option><option><valueString value="Iran"/></option><option><valueString value="Cambodia, Laos, Myanmar (Burma) or Vietnam"/></option><option><valueString value="China, Hong Kong, Macau or Taiwan"/></option><option><valueString value="Japan, Malaysia, South Korea, Singapore or Thailand"/></option></item><item><linkId value="covid-19-3"/><text value="Has someone with a confirmed case of coronavirus been in close contact with you?"/><type value="boolean"/></item><item><linkId value="covid-19-4"/><text value="Do you have any of these?"/><type value="open-choice"/><option><valueString value="High Temperature"/></option><option><valueString value="Cough"/></option><option><valueString value="Shortness of Breath"/></option></item></Questionnaire>