{
  "package": "careconnect.messaging.stu3",
  "version": "3.0.0",
  "fhirVersion": "3.0.2",
  "jurisdiction": "826",
  "extensions": [],
  "profiles": {},
  "usage": {
    "http://hl7.org/fhir/tools/StructureDefinition/resource-information": [
      "ImplementationGuide.package.resource"
    ],
    "https://fhir.hl7.org.uk/STU3/StructureDefinition/Extension-CareConnect-CareSettingType-1": [
      "Bundle.entry.resource"
    ],
    "https://fhir.hl7.org.uk/STU3/StructureDefinition/Extension-CareConnect-NHSNumberVerificationStatus-1": [
      "Bundle.entry.resource.identifier"
    ],
    "https://fhir.mayfield-is.co.uk/extension-GraphDefinition.targetLinkId": [
      "GraphDefinition.link.target.link.target"
    ]
  }
}